{"type": "SampleSet", "version": {"sampleset_schema": "3.2.0"}, "num_variables": 16, "num_rows": 18, "sample_data": {"type": "array", "data": [[43177], [34985], [41129], [34969], [26793], [10345], [26665], [39081], [39049], [10409], [43690], [42153], [41125], [43689], [42145], [43049], [35481], [6761]], "data_type": "uint32", "shape": [18, 1], "use_bytes": false}, "sample_type": "int8", "sample_packed": true, "vectors": {"energy": {"type": "array", "data": [-1.7763568394002505e-15, 0.4999999999999982, 0.4999999999999982, 0.4999999999999982, 0.4999999999999982, 0.4999999999999982, 0.49999999999999867, 0.4999999999999982, 0.49999999999999867, 0.4999999999999982, 0.5, 0.4999999999999982, 0.4999999999999982, 0.4999999999999982, 0.4999999999999982, 0.9999999999999984, 0.9999999999999982, 1.4999999999999982], "data_type": "float64", "shape": [18], "use_bytes": false}, "num_occurrences": {"type": "array", "data": [884, 5, 5, 8, 8, 5, 3, 9, 11, 5, 8, 11, 19, 5, 11, 1, 1, 1], "data_type": "int64", "shape": [18], "use_bytes": false}, "chain_break_fraction": {"type": "array", "data": [0, 0, 0, 0, 0, 0, 0, 0, 0, 0, 0, 0, 0, 0, 0, 0, 0, 0], "data_type": "float64", "shape": [18], "use_bytes": false}}, "variable_labels": [0, 1, 2, 3, 4, 5, 6, 7, 8, 9, 10, 11, 12, 13, 14, 15], "variable_type": "BINARY", "info": {"timing": {"qpu_sampling_time": 211060.0, "qpu_anneal_time_per_sample": 100.0, "qpu_readout_time_per_sample": 50.49, "qpu_access_time": 245651.6, "qpu_access_overhead_time": 503.4, "qpu_programming_time": 34591.6, "qpu_delay_time_per_sample": 60.57, "total_post_processing_time": 1.0, "post_processing_overhead_time": 1.0}, "problem_id": "53551a79-d47c-4a00-b04d-7da1c2b1b072", "embedding_context": {"embedding": {"1": [3349], "0": [424], "8": [412], "9": [3338], "3": [4015], "2": [1411], "10": [4026], "11": [1400], "5": [569], "4": [3614], "12": [3602], "13": [558], "7": [3573], "6": [1950], "14": [3562], "15": [1961]}, "chain_break_method": "majority_vote", "embedding_parameters": {}, "chain_strength": 1.676797729304283}}}