{"type": "SampleSet", "version": {"sampleset_schema": "3.2.0"}, "num_variables": 16, "num_rows": 20, "sample_data": {"type": "array", "data": [[43177], [39049], [34969], [42145], [10345], [43690], [39081], [26793], [34985], [43689], [41125], [41129], [42153], [43178], [8293], [9377], [41638], [24617], [25641], [41637]], "data_type": "uint32", "shape": [20, 1], "use_bytes": false}, "sample_type": "int8", "sample_packed": true, "vectors": {"energy": {"type": "array", "data": [-1.7763568394002505e-15, 0.49999999999999867, 0.4999999999999982, 0.4999999999999982, 0.4999999999999982, 0.5, 0.4999999999999982, 0.4999999999999982, 0.4999999999999982, 0.4999999999999982, 0.4999999999999982, 0.4999999999999982, 0.4999999999999982, 1, 0.9999999999999982, 0.9999999999999982, 0.9999999999999991, 0.9999999999999987, 0.9999999999999987, 0.9999999999999982], "data_type": "float64", "shape": [20], "use_bytes": false}, "num_occurrences": {"type": "array", "data": [758, 3, 1, 42, 3, 7, 3, 5, 3, 3, 42, 45, 77, 1, 1, 1, 1, 1, 1, 2], "data_type": "int64", "shape": [20], "use_bytes": false}, "chain_break_fraction": {"type": "array", "data": [0, 0, 0, 0, 0, 0, 0, 0, 0, 0, 0, 0, 0, 0, 0, 0, 0, 0, 0, 0], "data_type": "float64", "shape": [20], "use_bytes": false}}, "variable_labels": [0, 1, 2, 3, 4, 5, 6, 7, 8, 9, 10, 11, 12, 13, 14, 15], "variable_type": "BINARY", "info": {"timing": {"qpu_sampling_time": 612620.0, "qpu_anneal_time_per_sample": 500.0, "qpu_readout_time_per_sample": 52.05, "qpu_access_time": 647212.8, "qpu_access_overhead_time": 722.2, "qpu_programming_time": 34592.8, "qpu_delay_time_per_sample": 60.57, "total_post_processing_time": 1.0, "post_processing_overhead_time": 1.0}, "problem_id": "31522098-11a4-438f-beb9-ed287b485b55", "embedding_context": {"embedding": {"1": [4370], "0": [4382], "8": [490], "9": [501], "3": [19], "2": [8], "10": [3984], "11": [3960, 163], "5": [1605], "4": [4280], "12": [1593], "13": [4291], "7": [2732], "6": [1801], "14": [2721], "15": [1813]}, "chain_break_method": "majority_vote", "embedding_parameters": {}, "chain_strength": 1.676797729304283}}}