{"type": "SampleSet", "version": {"sampleset_schema": "3.2.0"}, "num_variables": 16, "num_rows": 16, "sample_data": {"type": "array", "data": [[43177], [26665], [42145], [10345], [39049], [43690], [41129], [34969], [39081], [26793], [10409], [34985], [41125], [43689], [42153], [43179]], "data_type": "uint32", "shape": [16, 1], "use_bytes": false}, "sample_type": "int8", "sample_packed": true, "vectors": {"energy": {"type": "array", "data": [-1.7763568394002505e-15, 0.49999999999999867, 0.4999999999999982, 0.4999999999999982, 0.49999999999999867, 0.5, 0.4999999999999982, 0.4999999999999982, 0.4999999999999982, 0.4999999999999982, 0.4999999999999982, 0.4999999999999982, 0.4999999999999982, 0.4999999999999982, 0.4999999999999982, 0.9999999999999982], "data_type": "float64", "shape": [16], "use_bytes": false}, "num_occurrences": {"type": "array", "data": [911, 2, 4, 6, 3, 13, 3, 14, 11, 13, 3, 1, 4, 6, 5, 1], "data_type": "int64", "shape": [16], "use_bytes": false}, "chain_break_fraction": {"type": "array", "data": [0, 0, 0, 0, 0, 0, 0, 0, 0, 0, 0, 0, 0, 0, 0, 0], "data_type": "float64", "shape": [16], "use_bytes": false}}, "variable_labels": [0, 1, 2, 3, 4, 5, 6, 7, 8, 9, 10, 11, 12, 13, 14, 15], "variable_type": "BINARY", "info": {"timing": {"qpu_sampling_time": 611200.0, "qpu_anneal_time_per_sample": 500.0, "qpu_readout_time_per_sample": 50.63, "qpu_access_time": 645791.6, "qpu_access_overhead_time": 10724.4, "qpu_programming_time": 34591.6, "qpu_delay_time_per_sample": 60.57, "total_post_processing_time": 1.0, "post_processing_overhead_time": 1.0}, "problem_id": "08d19896-ca32-481d-b5e7-79626a1ca38c", "embedding_context": {"embedding": {"1": [2568], "0": [2496, 24], "8": [60], "9": [48], "3": [1801], "2": [2708], "10": [2697], "11": [1813], "5": [1057], "4": [1068], "12": [2645], "13": [2657], "7": [838], "6": [4551], "14": [827], "15": [4540]}, "chain_break_method": "majority_vote", "embedding_parameters": {}, "chain_strength": 1.676797729304283}}}