{"type": "SampleSet", "version": {"sampleset_schema": "3.2.0"}, "num_variables": 16, "num_rows": 22, "sample_data": {"type": "array", "data": [[43177], [10345], [26665], [41129], [10409], [39049], [42145], [34969], [39081], [26793], [34985], [41125], [43690], [43689], [42153], [2137], [6217], [37033], [18585], [24613], [24745], [43113]], "data_type": "uint32", "shape": [22, 1], "use_bytes": false}, "sample_type": "int8", "sample_packed": true, "vectors": {"energy": {"type": "array", "data": [-1.7763568394002505e-15, 0.4999999999999982, 0.49999999999999867, 0.4999999999999982, 0.4999999999999982, 0.49999999999999867, 0.4999999999999982, 0.4999999999999982, 0.4999999999999982, 0.4999999999999982, 0.4999999999999982, 0.4999999999999982, 0.5, 0.4999999999999982, 0.4999999999999982, 0.9999999999999982, 0.9999999999999987, 0.9999999999999982, 0.9999999999999982, 0.9999999999999987, 0.9999999999999982, 0.999999999999998], "data_type": "float64", "shape": [22], "use_bytes": false}, "num_occurrences": {"type": "array", "data": [852, 14, 7, 4, 5, 14, 7, 7, 14, 24, 8, 9, 6, 4, 17, 1, 1, 2, 1, 1, 1, 1], "data_type": "int64", "shape": [22], "use_bytes": false}, "chain_break_fraction": {"type": "array", "data": [0, 0, 0, 0, 0, 0, 0, 0, 0, 0, 0, 0, 0, 0, 0, 0, 0, 0, 0, 0, 0, 0], "data_type": "float64", "shape": [22], "use_bytes": false}}, "variable_labels": [0, 1, 2, 3, 4, 5, 6, 7, 8, 9, 10, 11, 12, 13, 14, 15], "variable_type": "BINARY", "info": {"timing": {"qpu_sampling_time": 212500.0, "qpu_anneal_time_per_sample": 100.0, "qpu_readout_time_per_sample": 51.93, "qpu_access_time": 247091.6, "qpu_access_overhead_time": 645.4, "qpu_programming_time": 34591.6, "qpu_delay_time_per_sample": 60.57, "total_post_processing_time": 33.0, "post_processing_overhead_time": 33.0}, "problem_id": "0776dd48-e998-4a99-9ab2-d272c2eb8f9d", "embedding_context": {"embedding": {"1": [3272], "0": [1648], "8": [1636], "9": [3284], "3": [4130], "2": [4141], "10": [417], "11": [428], "5": [1062], "4": [3641], "12": [1073], "13": [3629], "7": [1115], "6": [1127], "14": [4649], "15": [4637]}, "chain_break_method": "majority_vote", "embedding_parameters": {}, "chain_strength": 1.676797729304283}}}