{"type": "SampleSet", "version": {"sampleset_schema": "3.2.0"}, "num_variables": 24, "num_rows": 35, "sample_data": {"type": "array", "data": [[11118761], [10854569], [9017481], [2713769], [2713641], [9017513], [10593449], [10593441], [10854565], [10061993], [11184809], [6891689], [11184810], [10594473], [6891625], [10070185], [11184297], [6924457], [2730153], [11249833], [10061977], [9021609], [9083049], [8753317], [4790441], [2188457], [6957674], [6957161], [15280297], [9799849], [11378853], [11119273], [11053482], [6989993], [8988841]], "data_type": "uint32", "shape": [35, 1], "use_bytes": false}, "sample_type": "int8", "sample_packed": true, "vectors": {"energy": {"type": "array", "data": [-8.881784197001252e-16, 0.4999999999999982, 0.4999999999999991, 0.49999999999999867, 0.4999999999999991, 0.4999999999999991, 0.4999999999999991, 0.49999999999999734, 0.4999999999999982, 0.49999999999999956, 0.5, 0.49999999999999956, 0.5, 0.4999999999999991, 0.49999999999999956, 0.4999999999999991, 0.49999999999999956, 0.4999999999999991, 0.4999999999999991, 0.49999999999999867, 0.49999999999999956, 0.4999999999999991, 0.9999999999999996, 0.9999999999999982, 0.9999999999999996, 0.9999999999999987, 1.0000000000000004, 1, 0.9999999999999998, 0.9999999999999996, 0.9999999999999978, 1, 1, 0.9999999999999996, 1.4999999999999993], "data_type": "float64", "shape": [35], "use_bytes": false}, "num_occurrences": {"type": "array", "data": [851, 2, 6, 8, 11, 14, 6, 6, 4, 4, 2, 5, 3, 3, 17, 7, 3, 7, 3, 8, 13, 4, 1, 1, 1, 1, 1, 1, 1, 1, 1, 1, 1, 1, 1], "data_type": "int64", "shape": [35], "use_bytes": false}, "chain_break_fraction": {"type": "array", "data": [0, 0, 0, 0, 0, 0, 0, 0, 0, 0, 0, 0, 0, 0, 0, 0, 0, 0, 0, 0, 0, 0, 0, 0, 0, 0, 0, 0, 0, 0, 0, 0, 0, 0, 0], "data_type": "float64", "shape": [35], "use_bytes": false}}, "variable_labels": [0, 1, 2, 3, 4, 5, 6, 7, 8, 9, 10, 11, 12, 13, 14, 15, 16, 17, 18, 19, 20, 21, 22, 23], "variable_type": "BINARY", "info": {"timing": {"qpu_sampling_time": 614820.0, "qpu_anneal_time_per_sample": 500.0, "qpu_readout_time_per_sample": 54.25, "qpu_access_time": 649412.0, "qpu_access_overhead_time": 15423.0, "qpu_programming_time": 34592.0, "qpu_delay_time_per_sample": 60.57, "total_post_processing_time": 1.0, "post_processing_overhead_time": 1.0}, "problem_id": "32c91cf8-07e3-4d96-ac8a-60a43950e363", "embedding_context": {"embedding": {"1": [1393], "0": [1404], "8": [2634], "9": [2623], "3": [4499], "2": [4511], "10": [2254], "11": [2242], "5": [559], "4": [571], "12": [3902], "13": [3890], "7": [1049], "6": [1037], "14": [3485], "15": [3496], "16": [1345], "17": [1356], "18": [4451], "19": [4463], "20": [523], "21": [511], "22": [1013], "23": [1025]}, "chain_break_method": "majority_vote", "embedding_parameters": {}, "chain_strength": 1.8926835886292948}}}