{"type": "SampleSet", "version": {"sampleset_schema": "3.2.0"}, "num_variables": 16, "num_rows": 18, "sample_data": {"type": "array", "data": [[43177], [10409], [26665], [39081], [39049], [26793], [43690], [10345], [34969], [41129], [42145], [42153], [34985], [41125], [43689], [39562], [10922], [59433]], "data_type": "uint32", "shape": [18, 1], "use_bytes": false}, "sample_type": "int8", "sample_packed": true, "vectors": {"energy": {"type": "array", "data": [-1.7763568394002505e-15, 0.4999999999999982, 0.49999999999999867, 0.4999999999999982, 0.49999999999999867, 0.4999999999999982, 0.5, 0.4999999999999982, 0.4999999999999982, 0.4999999999999982, 0.4999999999999982, 0.4999999999999982, 0.4999999999999982, 0.4999999999999982, 0.4999999999999982, 1.0000000000000004, 1, 0.9999999999999989], "data_type": "float64", "shape": [18], "use_bytes": false}, "num_occurrences": {"type": "array", "data": [920, 2, 2, 7, 3, 4, 6, 7, 8, 3, 5, 9, 7, 7, 7, 1, 1, 1], "data_type": "int64", "shape": [18], "use_bytes": false}, "chain_break_fraction": {"type": "array", "data": [0, 0, 0, 0, 0, 0, 0, 0, 0, 0, 0, 0, 0, 0, 0, 0, 0, 0], "data_type": "float64", "shape": [18], "use_bytes": false}}, "variable_labels": [0, 1, 2, 3, 4, 5, 6, 7, 8, 9, 10, 11, 12, 13, 14, 15], "variable_type": "BINARY", "info": {"timing": {"qpu_sampling_time": 610360.0, "qpu_anneal_time_per_sample": 500.0, "qpu_readout_time_per_sample": 49.79, "qpu_access_time": 644952.0, "qpu_access_overhead_time": 889.0, "qpu_programming_time": 34592.0, "qpu_delay_time_per_sample": 60.57, "total_post_processing_time": 1.0, "post_processing_overhead_time": 1.0}, "problem_id": "c989b488-2a6b-431b-a3e6-8b2288d2f0ba", "embedding_context": {"embedding": {"1": [1639], "0": [3788], "8": [3776], "9": [1650], "3": [2266], "2": [4475], "10": [4487], "11": [2278], "5": [4681], "4": [4693], "12": [383], "13": [371], "7": [2369], "6": [3623], "14": [2249, 3575], "15": [2358]}, "chain_break_method": "majority_vote", "embedding_parameters": {}, "chain_strength": 1.676797729304283}}}