{"type": "SampleSet", "version": {"sampleset_schema": "3.2.0"}, "num_variables": 24, "num_rows": 35, "sample_data": {"type": "array", "data": [[11118761], [2713769], [2713641], [6891689], [11184297], [10594473], [10593449], [9021609], [10854565], [11184810], [2730153], [10061977], [11184809], [6891625], [6924457], [11249833], [9017481], [10070185], [10593441], [9017513], [612489], [11053482], [6957738], [2451497], [9083017], [9805989], [10128025], [6366377], [4823209], [11053738], [8753321], [11085929], [2468009], [11119274], [2648746]], "data_type": "uint32", "shape": [35, 1], "use_bytes": false}, "sample_type": "int8", "sample_packed": true, "vectors": {"energy": {"type": "array", "data": [-8.881784197001252e-16, 0.49999999999999867, 0.4999999999999991, 0.49999999999999956, 0.49999999999999956, 0.4999999999999991, 0.4999999999999991, 0.4999999999999991, 0.4999999999999982, 0.5, 0.4999999999999991, 0.49999999999999956, 0.5, 0.49999999999999956, 0.4999999999999991, 0.49999999999999867, 0.4999999999999991, 0.4999999999999991, 0.49999999999999734, 0.4999999999999991, 0.9999999999999987, 1, 1.0000000000000004, 0.9999999999999991, 0.9999999999999996, 0.9999999999999982, 1.0000000000000004, 0.9999999999999996, 0.9999999999999991, 1, 0.9999999999999982, 0.9999999999999993, 0.9999999999999991, 1, 1.4999999999999996], "data_type": "float64", "shape": [35], "use_bytes": false}, "num_occurrences": {"type": "array", "data": [831, 5, 6, 2, 3, 5, 2, 3, 2, 9, 2, 8, 6, 7, 9, 6, 37, 7, 3, 32, 1, 1, 1, 1, 1, 1, 1, 1, 1, 1, 1, 1, 1, 1, 1], "data_type": "int64", "shape": [35], "use_bytes": false}, "chain_break_fraction": {"type": "array", "data": [0, 0, 0, 0, 0, 0, 0, 0, 0, 0, 0, 0, 0, 0, 0, 0, 0, 0, 0, 0, 0, 0, 0, 0, 0, 0, 0, 0, 0, 0, 0, 0, 0, 0, 0], "data_type": "float64", "shape": [35], "use_bytes": false}}, "variable_labels": [0, 1, 2, 3, 4, 5, 6, 7, 8, 9, 10, 11, 12, 13, 14, 15, 16, 17, 18, 19, 20, 21, 22, 23], "variable_type": "BINARY", "info": {"timing": {"qpu_sampling_time": 607200.0, "qpu_anneal_time_per_sample": 500.0, "qpu_readout_time_per_sample": 46.63, "qpu_access_time": 641790.8, "qpu_access_overhead_time": 7650.2, "qpu_programming_time": 34590.8, "qpu_delay_time_per_sample": 60.57, "total_post_processing_time": 1.0, "post_processing_overhead_time": 1.0}, "problem_id": "6b52250c-08fb-47f7-b472-f14a33374b57", "embedding_context": {"embedding": {"1": [3138], "0": [3126], "8": [1263], "9": [1251], "3": [1170], "2": [1158], "10": [3737], "11": [3726], "5": [14], "4": [2], "12": [122, 2880], "13": [2904], "7": [740], "6": [729], "14": [4131], "15": [4143], "16": [3114], "17": [3102], "18": [1242], "19": [1230], "20": [50], "21": [62], "22": [681], "23": [692]}, "chain_break_method": "majority_vote", "embedding_parameters": {}, "chain_strength": 1.8926835886292948}}}