{"type": "SampleSet", "version": {"sampleset_schema": "3.2.0"}, "num_variables": 16, "num_rows": 18, "sample_data": {"type": "array", "data": [[43177], [34969], [41125], [42145], [10409], [10345], [26793], [41129], [42153], [39081], [34985], [43689], [39049], [43690], [26665], [8357], [43173], [59433]], "data_type": "uint32", "shape": [18, 1], "use_bytes": false}, "sample_type": "int8", "sample_packed": true, "vectors": {"energy": {"type": "array", "data": [-1.7763568394002505e-15, 0.4999999999999982, 0.4999999999999982, 0.4999999999999982, 0.4999999999999982, 0.4999999999999982, 0.4999999999999982, 0.4999999999999982, 0.4999999999999982, 0.4999999999999982, 0.4999999999999982, 0.4999999999999982, 0.49999999999999867, 0.5, 0.49999999999999867, 0.9999999999999982, 0.9999999999999982, 0.9999999999999989], "data_type": "float64", "shape": [18], "use_bytes": false}, "num_occurrences": {"type": "array", "data": [923, 4, 9, 1, 5, 7, 5, 4, 8, 7, 3, 4, 4, 6, 6, 1, 2, 1], "data_type": "int64", "shape": [18], "use_bytes": false}, "chain_break_fraction": {"type": "array", "data": [0, 0, 0, 0, 0, 0, 0, 0, 0, 0, 0, 0, 0, 0, 0, 0, 0, 0], "data_type": "float64", "shape": [18], "use_bytes": false}}, "variable_labels": [0, 1, 2, 3, 4, 5, 6, 7, 8, 9, 10, 11, 12, 13, 14, 15], "variable_type": "BINARY", "info": {"timing": {"qpu_sampling_time": 603860.0, "qpu_anneal_time_per_sample": 500.0, "qpu_readout_time_per_sample": 43.29, "qpu_access_time": 638452.4, "qpu_access_overhead_time": 11323.6, "qpu_programming_time": 34592.4, "qpu_delay_time_per_sample": 60.57, "total_post_processing_time": 1.0, "post_processing_overhead_time": 1.0}, "problem_id": "37b37b9e-a1b1-4ef2-acca-9a30198c9ec6", "embedding_context": {"embedding": {"1": [1177], "0": [2729], "8": [1189], "9": [2718], "3": [1656], "2": [2528], "10": [1668], "11": [2540], "5": [1032], "4": [1044], "12": [2512], "13": [2501], "7": [2285], "6": [2296], "14": [3419], "15": [3431]}, "chain_break_method": "majority_vote", "embedding_parameters": {}, "chain_strength": 1.676797729304283}}}