{"type": "SampleSet", "version": {"sampleset_schema": "3.2.0"}, "num_variables": 16, "num_rows": 15, "sample_data": {"type": "array", "data": [[43177], [34985], [10409], [39049], [41129], [26665], [34969], [10345], [39081], [26793], [41125], [43689], [42145], [43690], [42153]], "data_type": "uint32", "shape": [15, 1], "use_bytes": false}, "sample_type": "int8", "sample_packed": true, "vectors": {"energy": {"type": "array", "data": [-1.7763568394002505e-15, 0.4999999999999982, 0.4999999999999982, 0.49999999999999867, 0.4999999999999982, 0.49999999999999867, 0.4999999999999982, 0.4999999999999982, 0.4999999999999982, 0.4999999999999982, 0.4999999999999982, 0.4999999999999982, 0.4999999999999982, 0.5, 0.4999999999999982], "data_type": "float64", "shape": [15], "use_bytes": false}, "num_occurrences": {"type": "array", "data": [939, 1, 2, 3, 4, 4, 8, 8, 9, 5, 1, 3, 4, 2, 7], "data_type": "int64", "shape": [15], "use_bytes": false}, "chain_break_fraction": {"type": "array", "data": [0, 0, 0, 0, 0, 0, 0, 0, 0, 0, 0, 0, 0, 0, 0], "data_type": "float64", "shape": [15], "use_bytes": false}}, "variable_labels": [0, 1, 2, 3, 4, 5, 6, 7, 8, 9, 10, 11, 12, 13, 14, 15], "variable_type": "BINARY", "info": {"timing": {"qpu_sampling_time": 601260.0, "qpu_anneal_time_per_sample": 500.0, "qpu_readout_time_per_sample": 40.69, "qpu_access_time": 635850.8, "qpu_access_overhead_time": 582.2, "qpu_programming_time": 34590.8, "qpu_delay_time_per_sample": 60.57, "total_post_processing_time": 1.0, "post_processing_overhead_time": 1.0}, "problem_id": "6717c718-f788-4b09-9879-48d896fb8afb", "embedding_context": {"embedding": {"1": [830], "0": [2980], "8": [2991], "9": [819], "3": [1694], "2": [3020], "10": [1683], "11": [3008], "5": [3665], "4": [1122], "12": [1110], "13": [3653], "7": [3661], "6": [294], "14": [306], "15": [3649]}, "chain_break_method": "majority_vote", "embedding_parameters": {}, "chain_strength": 1.676797729304283}}}