{"type": "SampleSet", "version": {"sampleset_schema": "3.2.0"}, "num_variables": 16, "num_rows": 23, "sample_data": {"type": "array", "data": [[43177], [34969], [43690], [26665], [39049], [42145], [43689], [41125], [26793], [10345], [41129], [39081], [34985], [10409], [42153], [41642], [43169], [25769], [44193], [35481], [2153], [38057], [18601]], "data_type": "uint32", "shape": [23, 1], "use_bytes": false}, "sample_type": "int8", "sample_packed": true, "vectors": {"energy": {"type": "array", "data": [-1.7763568394002505e-15, 0.4999999999999982, 0.5, 0.49999999999999867, 0.49999999999999867, 0.4999999999999982, 0.4999999999999982, 0.4999999999999982, 0.4999999999999982, 0.4999999999999982, 0.4999999999999982, 0.4999999999999982, 0.4999999999999982, 0.4999999999999982, 0.4999999999999982, 1, 0.9999999999999982, 0.9999999999999982, 0.9999999999999982, 0.9999999999999982, 0.9999999999999982, 0.9999999999999982, 0.9999999999999982], "data_type": "float64", "shape": [23], "use_bytes": false}, "num_occurrences": {"type": "array", "data": [907, 5, 12, 1, 2, 7, 2, 3, 9, 2, 3, 5, 3, 7, 23, 1, 1, 2, 1, 1, 1, 1, 1], "data_type": "int64", "shape": [23], "use_bytes": false}, "chain_break_fraction": {"type": "array", "data": [0, 0, 0, 0, 0, 0, 0, 0, 0, 0, 0, 0, 0, 0, 0, 0, 0, 0, 0, 0, 0, 0, 0], "data_type": "float64", "shape": [23], "use_bytes": false}}, "variable_labels": [0, 1, 2, 3, 4, 5, 6, 7, 8, 9, 10, 11, 12, 13, 14, 15], "variable_type": "BINARY", "info": {"timing": {"qpu_sampling_time": 594980.0, "qpu_anneal_time_per_sample": 500.0, "qpu_readout_time_per_sample": 34.41, "qpu_access_time": 629571.6, "qpu_access_overhead_time": 7487.4, "qpu_programming_time": 34591.6, "qpu_delay_time_per_sample": 60.57, "total_post_processing_time": 13.0, "post_processing_overhead_time": 13.0}, "problem_id": "5ccecd5a-4459-434c-b95e-f1255c8fe806", "embedding_context": {"embedding": {"1": [1327], "0": [3918], "8": [3930], "9": [1339], "3": [1132], "2": [1143], "10": [3209], "11": [3197], "5": [4409], "4": [1101], "12": [1090], "13": [4397], "7": [3055], "6": [1419], "14": [1430], "15": [3066]}, "chain_break_method": "majority_vote", "embedding_parameters": {}, "chain_strength": 1.676797729304283}}}