{"type": "SampleSet", "version": {"sampleset_schema": "3.2.0"}, "num_variables": 16, "num_rows": 15, "sample_data": {"type": "array", "data": [[43177], [10345], [34969], [10409], [26793], [43690], [26665], [41129], [39081], [41125], [39049], [34985], [43689], [42153], [43113]], "data_type": "uint32", "shape": [15, 1], "use_bytes": false}, "sample_type": "int8", "sample_packed": true, "vectors": {"energy": {"type": "array", "data": [-1.7763568394002505e-15, 0.4999999999999982, 0.4999999999999982, 0.4999999999999982, 0.4999999999999982, 0.5, 0.49999999999999867, 0.4999999999999982, 0.4999999999999982, 0.4999999999999982, 0.49999999999999867, 0.4999999999999982, 0.4999999999999982, 0.4999999999999982, 0.999999999999998], "data_type": "float64", "shape": [15], "use_bytes": false}, "num_occurrences": {"type": "array", "data": [950, 4, 6, 1, 4, 6, 2, 3, 5, 2, 3, 5, 6, 1, 2], "data_type": "int64", "shape": [15], "use_bytes": false}, "chain_break_fraction": {"type": "array", "data": [0, 0, 0, 0, 0, 0, 0, 0, 0, 0, 0, 0, 0, 0, 0], "data_type": "float64", "shape": [15], "use_bytes": false}}, "variable_labels": [0, 1, 2, 3, 4, 5, 6, 7, 8, 9, 10, 11, 12, 13, 14, 15], "variable_type": "BINARY", "info": {"timing": {"qpu_sampling_time": 613720.0, "qpu_anneal_time_per_sample": 500.0, "qpu_readout_time_per_sample": 53.15, "qpu_access_time": 648311.6, "qpu_access_overhead_time": 30363.4, "qpu_programming_time": 34591.6, "qpu_delay_time_per_sample": 60.57, "total_post_processing_time": 17.0, "post_processing_overhead_time": 17.0}, "problem_id": "d3bd944f-ff44-4139-9ac0-d41fc82c35df", "embedding_context": {"embedding": {"1": [32], "0": [3960], "8": [128, 4008], "9": [43], "3": [1940], "2": [1928], "10": [4077], "11": [4066], "5": [3883], "4": [3871], "12": [1531], "13": [1519], "7": [3324], "6": [268], "14": [280], "15": [3313]}, "chain_break_method": "majority_vote", "embedding_parameters": {}, "chain_strength": 1.676797729304283}}}