{"type": "SampleSet", "version": {"sampleset_schema": "3.2.0"}, "num_variables": 16, "num_rows": 17, "sample_data": {"type": "array", "data": [[43177], [10345], [10409], [39049], [26665], [34985], [26793], [41129], [43690], [34969], [41125], [42145], [43689], [42153], [39081], [43434], [33961]], "data_type": "uint32", "shape": [17, 1], "use_bytes": false}, "sample_type": "int8", "sample_packed": true, "vectors": {"energy": {"type": "array", "data": [-1.7763568394002505e-15, 0.4999999999999982, 0.4999999999999982, 0.49999999999999867, 0.49999999999999867, 0.4999999999999982, 0.4999999999999982, 0.4999999999999982, 0.5, 0.4999999999999982, 0.4999999999999982, 0.4999999999999982, 0.4999999999999982, 0.4999999999999982, 0.4999999999999982, 1, 0.9999999999999982], "data_type": "float64", "shape": [17], "use_bytes": false}, "num_occurrences": {"type": "array", "data": [934, 1, 3, 2, 3, 2, 4, 1, 6, 9, 8, 4, 4, 9, 8, 1, 1], "data_type": "int64", "shape": [17], "use_bytes": false}, "chain_break_fraction": {"type": "array", "data": [0, 0, 0, 0, 0, 0, 0, 0, 0, 0, 0, 0, 0, 0, 0, 0, 0], "data_type": "float64", "shape": [17], "use_bytes": false}}, "variable_labels": [0, 1, 2, 3, 4, 5, 6, 7, 8, 9, 10, 11, 12, 13, 14, 15], "variable_type": "BINARY", "info": {"timing": {"qpu_sampling_time": 610300.0, "qpu_anneal_time_per_sample": 500.0, "qpu_readout_time_per_sample": 49.73, "qpu_access_time": 644892.4, "qpu_access_overhead_time": 7553.6, "qpu_programming_time": 34592.4, "qpu_delay_time_per_sample": 60.57, "total_post_processing_time": 69.0, "post_processing_overhead_time": 69.0}, "problem_id": "ec706d61-43f8-445a-8f47-dc965a18d80c", "embedding_context": {"embedding": {"1": [1183], "0": [1194], "8": [3774], "9": [3785], "3": [4363], "2": [1461], "10": [1450], "11": [4351], "5": [1615], "4": [1626], "12": [3776], "13": [3787], "7": [448], "6": [3410], "14": [437], "15": [3421]}, "chain_break_method": "majority_vote", "embedding_parameters": {}, "chain_strength": 1.676797729304283}}}