{"type": "SampleSet", "version": {"sampleset_schema": "3.2.0"}, "num_variables": 16, "num_rows": 17, "sample_data": {"type": "array", "data": [[43177], [26793], [42145], [26665], [10345], [34969], [41129], [39081], [39049], [10409], [41125], [43689], [43690], [42153], [34985], [33945], [27306]], "data_type": "uint32", "shape": [17, 1], "use_bytes": false}, "sample_type": "int8", "sample_packed": true, "vectors": {"energy": {"type": "array", "data": [-1.7763568394002505e-15, 0.4999999999999982, 0.4999999999999982, 0.49999999999999867, 0.4999999999999982, 0.4999999999999982, 0.4999999999999982, 0.4999999999999982, 0.49999999999999867, 0.4999999999999982, 0.4999999999999982, 0.4999999999999982, 0.5, 0.4999999999999982, 0.4999999999999982, 0.9999999999999982, 1], "data_type": "float64", "shape": [17], "use_bytes": false}, "num_occurrences": {"type": "array", "data": [896, 11, 1, 2, 14, 22, 4, 8, 2, 3, 12, 2, 8, 6, 7, 1, 1], "data_type": "int64", "shape": [17], "use_bytes": false}, "chain_break_fraction": {"type": "array", "data": [0, 0, 0, 0, 0, 0, 0, 0, 0, 0, 0, 0, 0, 0, 0, 0, 0], "data_type": "float64", "shape": [17], "use_bytes": false}}, "variable_labels": [0, 1, 2, 3, 4, 5, 6, 7, 8, 9, 10, 11, 12, 13, 14, 15], "variable_type": "BINARY", "info": {"timing": {"qpu_sampling_time": 613480.0, "qpu_anneal_time_per_sample": 500.0, "qpu_readout_time_per_sample": 52.91, "qpu_access_time": 648071.6, "qpu_access_overhead_time": 12890.4, "qpu_programming_time": 34591.6, "qpu_delay_time_per_sample": 60.57, "total_post_processing_time": 1.0, "post_processing_overhead_time": 1.0}, "problem_id": "30827d85-3ec2-46bc-b434-d94e31e43777", "embedding_context": {"embedding": {"1": [475], "0": [3866], "8": [3877], "9": [463], "3": [3615], "2": [678], "10": [689], "11": [3603], "5": [4735], "4": [4651, 1463], "12": [4747], "13": [1511], "7": [1763], "6": [4569], "14": [4580], "15": [1774]}, "chain_break_method": "majority_vote", "embedding_parameters": {}, "chain_strength": 1.676797729304283}}}