{"type": "SampleSet", "version": {"sampleset_schema": "3.2.0"}, "num_variables": 16, "num_rows": 28, "sample_data": {"type": "array", "data": [[43177], [42145], [43690], [41125], [42153], [39049], [41129], [10345], [43689], [10409], [34969], [34985], [26665], [39081], [26793], [33937], [33953], [18601], [2201], [25761], [47241], [35482], [8297], [38017], [37001], [39561], [22697], [8873]], "data_type": "uint32", "shape": [28, 1], "use_bytes": false}, "sample_type": "int8", "sample_packed": true, "vectors": {"energy": {"type": "array", "data": [-1.7763568394002505e-15, 0.4999999999999982, 0.5, 0.4999999999999982, 0.4999999999999982, 0.49999999999999867, 0.4999999999999982, 0.4999999999999982, 0.4999999999999982, 0.4999999999999982, 0.4999999999999982, 0.4999999999999982, 0.49999999999999867, 0.4999999999999982, 0.4999999999999982, 0.9999999999999982, 0.9999999999999982, 0.9999999999999982, 0.9999999999999982, 0.9999999999999982, 0.9999999999999991, 1, 0.9999999999999982, 0.9999999999999987, 0.9999999999999987, 0.9999999999999987, 0.9999999999999982, 1.4999999999999982], "data_type": "float64", "shape": [28], "use_bytes": false}, "num_occurrences": {"type": "array", "data": [862, 10, 10, 8, 21, 9, 2, 6, 4, 6, 7, 4, 7, 13, 16, 1, 1, 1, 1, 2, 1, 1, 1, 2, 1, 1, 1, 1], "data_type": "int64", "shape": [28], "use_bytes": false}, "chain_break_fraction": {"type": "array", "data": [0, 0, 0, 0, 0, 0, 0, 0, 0, 0, 0, 0, 0, 0, 0, 0, 0, 0, 0, 0, 0, 0, 0, 0, 0, 0, 0, 0], "data_type": "float64", "shape": [28], "use_bytes": false}}, "variable_labels": [0, 1, 2, 3, 4, 5, 6, 7, 8, 9, 10, 11, 12, 13, 14, 15], "variable_type": "BINARY", "info": {"timing": {"qpu_sampling_time": 203420.0, "qpu_anneal_time_per_sample": 100.0, "qpu_readout_time_per_sample": 42.85, "qpu_access_time": 238011.6, "qpu_access_overhead_time": 523.4, "qpu_programming_time": 34591.6, "qpu_delay_time_per_sample": 60.57, "total_post_processing_time": 18.0, "post_processing_overhead_time": 18.0}, "problem_id": "82ca6970-09a4-4b19-9956-4c430293786a", "embedding_context": {"embedding": {"1": [3448], "0": [893], "8": [3436], "9": [904], "3": [1059], "2": [3077], "10": [1071], "11": [3089], "5": [129], "4": [140], "12": [4128], "13": [4140], "7": [3292], "6": [3303], "14": [772], "15": [784]}, "chain_break_method": "majority_vote", "embedding_parameters": {}, "chain_strength": 1.676797729304283}}}