{"type": "SampleSet", "version": {"sampleset_schema": "3.2.0"}, "num_variables": 16, "num_rows": 18, "sample_data": {"type": "array", "data": [[43177], [43690], [34985], [10409], [41129], [43689], [26665], [42145], [42153], [41125], [26793], [39049], [10345], [39081], [34969], [43434], [43169], [8361]], "data_type": "uint32", "shape": [18, 1], "use_bytes": false}, "sample_type": "int8", "sample_packed": true, "vectors": {"energy": {"type": "array", "data": [-1.7763568394002505e-15, 0.5, 0.4999999999999982, 0.4999999999999982, 0.4999999999999982, 0.4999999999999982, 0.49999999999999867, 0.4999999999999982, 0.4999999999999982, 0.4999999999999982, 0.4999999999999982, 0.49999999999999867, 0.4999999999999982, 0.4999999999999982, 0.4999999999999982, 1, 0.9999999999999982, 0.9999999999999982], "data_type": "float64", "shape": [18], "use_bytes": false}, "num_occurrences": {"type": "array", "data": [914, 10, 2, 1, 4, 2, 2, 3, 6, 7, 6, 5, 12, 15, 8, 1, 1, 1], "data_type": "int64", "shape": [18], "use_bytes": false}, "chain_break_fraction": {"type": "array", "data": [0, 0, 0, 0, 0, 0, 0, 0, 0, 0, 0, 0, 0, 0, 0, 0, 0, 0], "data_type": "float64", "shape": [18], "use_bytes": false}}, "variable_labels": [0, 1, 2, 3, 4, 5, 6, 7, 8, 9, 10, 11, 12, 13, 14, 15], "variable_type": "BINARY", "info": {"timing": {"qpu_sampling_time": 612760.0, "qpu_anneal_time_per_sample": 500.0, "qpu_readout_time_per_sample": 52.19, "qpu_access_time": 647351.2, "qpu_access_overhead_time": 891.8, "qpu_programming_time": 34591.2, "qpu_delay_time_per_sample": 60.57, "total_post_processing_time": 1.0, "post_processing_overhead_time": 1.0}, "problem_id": "54b9c56b-d7dc-46be-9ec2-d39f4c8a29a3", "embedding_context": {"embedding": {"1": [4754], "0": [503], "8": [4646, 575], "9": [4766], "3": [3779], "2": [2202], "10": [2191], "11": [3790], "5": [616], "4": [604], "12": [3326], "13": [3315], "7": [3055], "6": [1454], "14": [3067], "15": [1443]}, "chain_break_method": "majority_vote", "embedding_parameters": {}, "chain_strength": 1.676797729304283}}}