{"type": "SampleSet", "version": {"sampleset_schema": "3.2.0"}, "num_variables": 16, "num_rows": 28, "sample_data": {"type": "array", "data": [[43177], [26665], [41129], [34969], [39081], [39049], [42153], [10409], [41125], [34985], [42145], [43690], [26793], [10345], [43689], [18585], [24745], [6249], [24741], [24613], [22697], [18601], [10857], [33961], [35497], [20649], [2649], [4265]], "data_type": "uint32", "shape": [28, 1], "use_bytes": false}, "sample_type": "int8", "sample_packed": true, "vectors": {"energy": {"type": "array", "data": [-1.7763568394002505e-15, 0.49999999999999867, 0.4999999999999982, 0.4999999999999982, 0.4999999999999982, 0.49999999999999867, 0.4999999999999982, 0.4999999999999982, 0.4999999999999982, 0.4999999999999982, 0.4999999999999982, 0.5, 0.4999999999999982, 0.4999999999999982, 0.4999999999999982, 0.9999999999999982, 0.9999999999999982, 0.9999999999999982, 0.9999999999999982, 0.9999999999999987, 0.9999999999999982, 0.9999999999999982, 0.9999999999999982, 0.9999999999999982, 0.9999999999999982, 1.4999999999999982, 1.4999999999999982, 1.4999999999999982], "data_type": "float64", "shape": [28], "use_bytes": false}, "num_occurrences": {"type": "array", "data": [848, 6, 5, 26, 30, 8, 5, 4, 5, 8, 6, 12, 12, 9, 2, 2, 1, 1, 1, 1, 1, 1, 1, 1, 1, 1, 1, 1], "data_type": "int64", "shape": [28], "use_bytes": false}, "chain_break_fraction": {"type": "array", "data": [0, 0, 0, 0, 0, 0, 0, 0, 0, 0, 0, 0, 0, 0, 0, 0, 0, 0, 0, 0, 0, 0, 0, 0, 0, 0, 0, 0], "data_type": "float64", "shape": [28], "use_bytes": false}}, "variable_labels": [0, 1, 2, 3, 4, 5, 6, 7, 8, 9, 10, 11, 12, 13, 14, 15], "variable_type": "BINARY", "info": {"timing": {"qpu_sampling_time": 213480.0, "qpu_anneal_time_per_sample": 100.0, "qpu_readout_time_per_sample": 52.91, "qpu_access_time": 248073.6, "qpu_access_overhead_time": 776.4, "qpu_programming_time": 34593.6, "qpu_delay_time_per_sample": 60.57, "total_post_processing_time": 1.0, "post_processing_overhead_time": 1.0}, "problem_id": "3e710da5-f05e-4a7a-9f74-c7c9e8990930", "embedding_context": {"embedding": {"1": [714], "0": [703], "8": [3795], "9": [3807], "3": [1962], "2": [3658], "10": [1950], "11": [3669], "5": [12], "4": [180, 2496], "12": [0], "13": [2520], "7": [2254], "6": [4595], "14": [2243], "15": [4607]}, "chain_break_method": "majority_vote", "embedding_parameters": {}, "chain_strength": 1.676797729304283}}}