{"type": "SampleSet", "version": {"sampleset_schema": "3.2.0"}, "num_variables": 16, "num_rows": 18, "sample_data": {"type": "array", "data": [[43177], [41129], [34969], [10345], [34985], [42153], [39081], [41125], [42145], [39049], [43690], [10409], [43689], [26665], [26793], [24745], [43178], [42665]], "data_type": "uint32", "shape": [18, 1], "use_bytes": false}, "sample_type": "int8", "sample_packed": true, "vectors": {"energy": {"type": "array", "data": [-1.7763568394002505e-15, 0.4999999999999982, 0.4999999999999982, 0.4999999999999982, 0.4999999999999982, 0.4999999999999982, 0.4999999999999982, 0.4999999999999982, 0.4999999999999982, 0.49999999999999867, 0.5, 0.4999999999999982, 0.4999999999999982, 0.49999999999999867, 0.4999999999999982, 0.9999999999999982, 1, 0.9999999999999982], "data_type": "float64", "shape": [18], "use_bytes": false}, "num_occurrences": {"type": "array", "data": [877, 7, 9, 8, 8, 12, 7, 8, 4, 7, 12, 8, 8, 7, 15, 1, 1, 1], "data_type": "int64", "shape": [18], "use_bytes": false}, "chain_break_fraction": {"type": "array", "data": [0, 0, 0, 0, 0, 0, 0, 0, 0, 0, 0, 0, 0, 0, 0, 0, 0, 0], "data_type": "float64", "shape": [18], "use_bytes": false}}, "variable_labels": [0, 1, 2, 3, 4, 5, 6, 7, 8, 9, 10, 11, 12, 13, 14, 15], "variable_type": "BINARY", "info": {"timing": {"qpu_sampling_time": 204060.0, "qpu_anneal_time_per_sample": 100.0, "qpu_readout_time_per_sample": 43.49, "qpu_access_time": 238651.6, "qpu_access_overhead_time": 618.4, "qpu_programming_time": 34591.6, "qpu_delay_time_per_sample": 60.57, "total_post_processing_time": 1.0, "post_processing_overhead_time": 1.0}, "problem_id": "36825aa9-f41d-46e9-b84d-54a94a7ad715", "embedding_context": {"embedding": {"1": [3556], "0": [3567], "8": [785], "9": [774], "3": [4455], "2": [814], "10": [4444], "11": [802], "5": [1517], "4": [1528], "12": [3427], "13": [3415], "7": [3564], "6": [3553], "14": [198], "15": [209]}, "chain_break_method": "majority_vote", "embedding_parameters": {}, "chain_strength": 1.676797729304283}}}