{"type": "SampleSet", "version": {"sampleset_schema": "3.2.0"}, "num_variables": 24, "num_rows": 34, "sample_data": {"type": "array", "data": [[11118761], [10854569], [10061977], [2713769], [2713641], [11184810], [10593441], [11184809], [9017481], [9017513], [10594473], [9021609], [10070185], [6891689], [10593449], [10854565], [10061993], [10856617], [11249833], [6891625], [10659490], [2779689], [10658985], [2449577], [10920618], [6957674], [2188457], [11119274], [5867673], [10136234], [11053482], [5843049], [6366313], [6465194]], "data_type": "uint32", "shape": [34, 1], "use_bytes": false}, "sample_type": "int8", "sample_packed": true, "vectors": {"energy": {"type": "array", "data": [-8.881784197001252e-16, 0.4999999999999982, 0.49999999999999956, 0.49999999999999867, 0.4999999999999991, 0.5, 0.49999999999999734, 0.5, 0.4999999999999991, 0.4999999999999991, 0.4999999999999991, 0.4999999999999991, 0.4999999999999991, 0.49999999999999956, 0.4999999999999991, 0.4999999999999982, 0.49999999999999956, 0.4999999999999991, 0.49999999999999867, 0.49999999999999956, 0.9999999999999982, 1, 0.9999999999999996, 0.9999999999999982, 0.9999999999999991, 1.0000000000000004, 0.9999999999999987, 1, 0.9999999999999996, 1, 1, 0.9999999999999996, 0.9999999999999996, 1.5], "data_type": "float64", "shape": [34], "use_bytes": false}, "num_occurrences": {"type": "array", "data": [818, 1, 8, 8, 1, 37, 5, 35, 4, 9, 1, 2, 5, 3, 18, 5, 5, 5, 6, 6, 1, 2, 1, 1, 1, 2, 1, 1, 1, 1, 3, 1, 1, 1], "data_type": "int64", "shape": [34], "use_bytes": false}, "chain_break_fraction": {"type": "array", "data": [0, 0, 0, 0, 0, 0, 0, 0, 0, 0, 0, 0, 0, 0, 0, 0, 0, 0, 0, 0, 0, 0, 0, 0, 0, 0, 0, 0, 0, 0, 0, 0, 0, 0], "data_type": "float64", "shape": [34], "use_bytes": false}}, "variable_labels": [0, 1, 2, 3, 4, 5, 6, 7, 8, 9, 10, 11, 12, 13, 14, 15, 16, 17, 18, 19, 20, 21, 22, 23], "variable_type": "BINARY", "info": {"timing": {"qpu_sampling_time": 614840.0, "qpu_anneal_time_per_sample": 500.0, "qpu_readout_time_per_sample": 54.27, "qpu_access_time": 649432.0, "qpu_access_overhead_time": 19635.0, "qpu_programming_time": 34592.0, "qpu_delay_time_per_sample": 60.57, "total_post_processing_time": 1.0, "post_processing_overhead_time": 1.0}, "problem_id": "9ad91741-cf96-4561-9907-9824358d5a4e", "embedding_context": {"embedding": {"1": [2792], "0": [2804], "8": [1717], "9": [2768, 1693], "3": [3775], "2": [3786], "10": [1362], "11": [1351], "5": [2299], "4": [2288], "12": [3947], "13": [3959], "7": [4587], "6": [4598], "14": [598], "15": [587], "16": [2708], "17": [2696], "18": [3834], "19": [3823], "20": [2216], "21": [2227], "22": [4515], "23": [4526]}, "chain_break_method": "majority_vote", "embedding_parameters": {}, "chain_strength": 1.8926835886292948}}}